TEMP K,LIQUID RHOMX kmol/cum,LIQUID CPMX kJ/kmol-K,LIQUID MUMX cP,LIQUID HMX kJ/kmol,LIQUID TBUB K,LIQUID KMX kW/m-K,Composition
"293,15","54,5951","74,6121","1,34991",-287258,"365,231","0,00060659",5%
"294,15","54,5836","74,6009","1,31805",-287184,"365,231","0,000608036",5%
"295,15","54,5716","74,5909","1,28724",-287109,"365,231","0,000609469",5%
"296,15","54,559","74,582","1,25743",-287035,"365,231","0,000610889",5%
"297,15","54,5459","74,574","1,22858",-286960,"365,231","0,000612296",5%
"298,15","54,5323","74,567","1,20066",-286885,"365,231","0,00061369",5%
"299,15","54,5181","74,5609","1,17363",-286811,"365,231","0,000615072",5%
"300,15","54,5034","74,5556","1,14746",-286736,"365,231","0,00061644",5%
"301,15","54,4882","74,551","1,12211",-286662,"365,231","0,000617796",5%
"302,15","54,4726","74,5472","1,09755",-286587,"365,231","0,000619139",5%
"303,15","54,4565","74,5441","1,07375",-286513,"365,231","0,00062047",5%
"304,15","54,4399","74,5416","1,05068",-286438,"365,231","0,000621787",5%
"305,15","54,4228","74,5397","1,02832",-286364,"365,231","0,000623092",5%
"306,15","54,4053","74,5384","1,00664",-286289,"365,231","0,000624384",5%
"307,15","54,3873","74,5375","0,985614",-286214,"365,231","0,000625664",5%
"308,15","54,3689","74,5372","0,965217",-286140,"365,231","0,00062693",5%
"309,15","54,3501","74,5374","0,945427",-286065,"365,231","0,000628184",5%
"310,15","54,3308","74,538","0,926221",-285991,"365,231","0,000629425",5%
"311,15","54,3111","74,539","0,907579",-285916,"365,231","0,000630654",5%
"312,15","54,291","74,5404","0,88948",-285842,"365,231","0,00063187",5%
"313,15","54,2705","74,5422","0,871905",-285767,"365,231","0,000633074",5%
"314,15","54,2496","74,5444","0,854836",-285693,"365,231","0,000634265",5%
"315,15","54,2283","74,547","0,838255",-285620,"365,232","0,000635443",5%
"316,15","54,2066","74,5498","0,822144",-285540,"365,232","0,000636609",5%
"317,15","54,1846","74,553","0,806487",-285470,"365,232","0,000637762",5%
"318,15","54,1621","74,5565","0,791269",-285390,"365,232","0,000638902",5%
"319,15","54,1393","74,5603","0,776475",-285320,"365,232","0,000640031",5%
"320,15","54,1161","74,5644","0,762089",-285250,"365,232","0,000641146",5%
"321,15","54,0925","74,5687","0,748099",-285170,"365,232","0,000642249",5%
"322,15","54,0686","74,5734","0,73449",-285100,"365,232","0,00064334",5%
"323,15","54,0443","74,5783","0,72125",-285020,"365,232","0,000644418",5%
"324,15","54,0197","74,5835","0,708367",-284950,"365,232","0,000645484",5%
"325,15","53,9947","74,5889","0,695829",-284870,"365,232","0,000646538",5%
"326,15","53,9694","74,5946","0,683624",-284800,"365,232","0,000647579",5%
"327,15","53,9437","74,6006","0,671742",-284720,"365,232","0,000648607",5%
"328,15","53,9177","74,6068","0,660172",-284650,"365,232","0,000649623",5%
"329,15","53,8914","74,6132","0,648903",-284570,"365,232","0,000650627",5%
"330,15","53,8647","74,6199","0,637927",-284500,"365,232","0,000651619",5%
"331,15","53,8377","74,6269","0,627234",-284420,"365,232","0,000652598",5%
"332,15","53,8103","74,6341","0,616814",-284350,"365,232","0,000653565",5%
"333,15","53,7827","74,6416","0,60666",-284280,"365,232","0,000654519",5%
"334,15","53,7547","74,6494","0,596763",-284200,"365,232","0,000655462",5%
"335,15","53,7264","74,6574","0,587114",-284130,"365,232","0,000656392",5%
"336,15","53,6978","74,6656","0,577706",-284050,"365,232","0,00065731",5%
"337,15","53,6689","74,6742","0,568532",-283980,"365,232","0,000658215",5%
"338,15","53,6397","74,683","0,559584",-283900,"365,232","0,000659109",5%
"339,15","53,6102","74,692","0,550856",-283830,"365,232","0,00065999",5%
"340,15","53,5804","74,7014","0,542341",-283750,"365,232","0,000660859",5%
"341,15","53,5503","74,711","0,534032",-283680,"365,232","0,000661715",5%
"342,15","53,5199","74,721","0,525923",-283600,"365,232","0,00066256",5%
"343,15","53,4892","74,7312","0,518008",-283530,"365,232","0,000663392",5%
"344,15","53,4582","74,7417","0,510282",-283450,"365,232","0,000664213",5%
"345,15","53,4269","74,7525","0,502738",-283380,"365,232","0,000665021",5%
"346,15","53,3954","74,7636","0,495372",-283300,"365,232","0,000665817",5%
"347,15","53,3635","74,7751","0,488178",-283230,"365,232","0,000666601",5%
"348,15","53,3314","74,7868","0,481152",-283160,"365,232","0,000667373",5%
"349,15","53,299","74,7989","0,474288",-283080,"365,232","0,000668133",5%
"350,15","53,2664","74,8113","0,467581",-283010,"365,232","0,000668881",5%
"351,15","53,2334","74,8241","0,461028",-282930,"365,232","0,000669617",5%
"352,15","53,2002","74,8372","0,454623",-282860,"365,232","0,00067034",5%
"353,15","53,1667","74,8506","0,448364",-282780,"365,232","0,000671052",5%
"354,15","53,133","74,8644","0,442244",-282710,"365,232","0,000671752",5%
"355,15","53,099","74,8785","0,436262",-282630,"365,232","0,00067244",5%
"356,15","53,0647","74,893","0,430412",-282560,"365,232","0,000673115",5%
"357,15","53,0302","74,9079","0,424691",-282480,"365,232","0,000673779",5%
"358,15","52,9954","74,9231","0,419096",-282410,"365,232","0,000674431",5%
"359,15","52,9603","74,9388","0,413623",-282330,"365,232","0,000675071",5%
"360,15","52,925","74,9548","0,408268",-282260,"365,232","0,000675699",5%
"361,15","52,8895","74,9712","0,40303",-282180,"365,232","0,000676316",5%
"362,15","52,8537","74,988","0,397903",-282110,"365,232","0,00067692",5%
"363,15","52,8176","75,0052","0,392887",-282030,"365,232","0,000677512",5%
"364,15","52,7813","75,0228","0,387976",-281960,"365,232","0,000678093",5%
"365,15","52,7447","75,0796","0,383169",-281880,"365,232","0,000678662",5%
"366,15","51,223","73,8013","0,600956",-284080,"366,15","0,000691745",5%
"367,15","49,7274","72,465","0,959606",-286380,"367,15","0,000704299",5%
"368,15","48,3744","71,1854","1,49767",-288580,"368,15","0,000715424",5%
"369,15","47,1452","69,9597","2,28726",-290700,"369,15","0,000725348",5%
"370,15","46,0245","68,7855","3,42182",-292720,"370,15","0,000734252",5%
"371,15","44,9989","67,6603","5,01985",-294660,"371,15","0,000742284",5%
"372,15","44,0575","66,5817","7,22831",-296510,"372,15","0,000749561",5%
"373,15","43,1909","65,5476","10,2257",-298290,"373,15","0,000756184",5%
"374,15","42,3909","64,556","14,2246",-300000,"374,15","0,000762234",5%
"375,15","41,6506","63,6049","19,473",-301640,"375,15","0,000767781",5%
"376,15","40,9639","62,6923","26,2549",-303210,"376,15","0,000772882",5%
"377,15","40,3256","61,8166","34,8893",-304710,"377,15","0,000777587",5%
"378,15","39,731","60,976","45,7282",-306160,"378,15","0,00078194",5%
"379,15","39,1761","60,169","59,1525",-307540,"379,15","0,000785977",5%
"380,15","38,6575","59,3941","75,5668",-308880,"380,15","0,00078973",5%
"381,15","38,1717","58,6497","95,3931",-310150,"381,15","0,000793227",5%
"382,15","37,7162","57,9346","119,063",-311380,"382,15","0,000796492",5%
"383,15","37,2884","57,2475","147,008",-312560,"383,15","0,000799548",5%
"293,15","53,7408","73,9352","1,82144",-288392,"365,705","0,000614352",10%
"294,15","53,7296","73,9244","1,77673",-288318,"365,705","0,000615779",10%
"295,15","53,7179","73,9148","1,73352",-288244,"365,705","0,000617193",10%
"296,15","53,7057","73,9061","1,69175",-288170,"365,705","0,000618594",10%
"297,15","53,6929","73,8985","1,65137",-288096,"365,705","0,000619982",10%
"298,15","53,6797","73,8918","1,61231",-288022,"365,705","0,000621358",10%
"299,15","53,666","73,886","1,57453",-287948,"365,705","0,00062272",10%
"300,15","53,6518","73,8809","1,53798",-287874,"365,705","0,00062407",10%
"301,15","53,6371","73,8766","1,5026",-287801,"365,705","0,000625407",10%
"302,15","53,6219","73,8731","1,46835",-287727,"365,705","0,000626731",10%
"303,15","53,6063","73,8701","1,43519",-287653,"365,705","0,000628043",10%
"304,15","53,5902","73,8679","1,40307",-287579,"365,705","0,000629341",10%
"305,15","53,5737","73,8662","1,37196",-287505,"365,705","0,000630627",10%
"306,15","53,5568","73,865","1,34182",-287431,"365,705","0,000631901",10%
"307,15","53,5394","73,8644","1,31261",-287357,"365,705","0,000633162",10%
"308,15","53,5217","73,8642","1,28429",-287284,"365,705","0,00063441",10%
"309,15","53,5035","73,8646","1,25684",-287210,"365,705","0,000635645",10%
"310,15","53,4849","73,8653","1,23021",-287136,"365,705","0,000636868",10%
"311,15","53,4659","73,8665","1,20439",-287062,"365,705","0,000638078",10%
"312,15","53,4465","73,868","1,17934",-286988,"365,705","0,000639276",10%
"313,15","53,4268","73,87","1,15503",-286914,"365,705","0,000640461",10%
"314,15","53,4066","73,8723","1,13143",-286840,"365,705","0,000641633",10%
"315,15","53,3861","73,875","1,10853",-286766,"365,705","0,000642794",10%
"316,15","53,3652","73,8779","1,08629",-286693,"365,705","0,000643941",10%
"317,15","53,3439","73,8812","1,06469",-286619,"365,705","0,000645077",10%
"318,15","53,3223","73,8848","1,04371",-286545,"365,705","0,0006462",10%
"319,15","53,3003","73,8886","1,02333",-286471,"365,705","0,00064731",10%
"320,15","53,2779","73,8928","1,00352",-286397,"365,705","0,000648408",10%
"321,15","53,2552","73,8972","0,984275",-286323,"365,705","0,000649494",10%
"322,15","53,2322","73,9019","0,965565",-286249,"365,705","0,000650567",10%
"323,15","53,2088","73,9069","0,947373",-286175,"365,705","0,000651628",10%
"324,15","53,1851","73,9121","0,929683",-286101,"365,705","0,000652677",10%
"325,15","53,1611","73,9176","0,912478",-286027,"365,705","0,000653713",10%
"326,15","53,1367","73,9234","0,895741",-285954,"365,705","0,000654737",10%
"327,15","53,112","73,9293","0,879456",-285880,"365,705","0,000655749",10%
"328,15","53,087","73,9356","0,863609",-285806,"365,705","0,000656749",10%
"329,15","53,0616","73,9421","0,848185",-285732,"365,705","0,000657737",10%
"330,15","53,036","73,9488","0,833171",-285658,"365,705","0,000658712",10%
"331,15","53,01","73,9558","0,818552",-285584,"365,705","0,000659675",10%
"332,15","52,9837","73,963","0,804316",-285510,"365,705","0,000660626",10%
"333,15","52,9571","73,9705","0,79045",-285436,"365,705","0,000661565",10%
"334,15","52,9302","73,9782","0,776944",-285362,"365,705","0,000662492",10%
"335,15","52,903","73,9862","0,763785",-285288,"365,705","0,000663407",10%
"336,15","52,8755","73,9945","0,750961",-285214,"365,705","0,000664309",10%
"337,15","52,8477","74,003","0,738464",-285140,"365,705","0,0006652",10%
"338,15","52,8197","74,0118","0,726282",-285066,"365,705","0,000666079",10%
"339,15","52,7913","74,0208","0,714406",-284992,"365,705","0,000666945",10%
"340,15","52,7627","74,0302","0,702825",-284918,"365,705","0,0006678",10%
"341,15","52,7337","74,0397","0,691532",-284844,"365,705","0,000668642",10%
"342,15","52,7045","74,0496","0,680517",-284770,"365,705","0,000669473",10%
"343,15","52,675","74,0598","0,669772",-284696,"365,705","0,000670292",10%
"344,15","52,6453","74,0703","0,659288",-284622,"365,705","0,000671098",10%
"345,15","52,6152","74,081","0,649058",-284548,"365,705","0,000671893",10%
"346,15","52,5849","74,092","0,639073",-284474,"365,705","0,000672676",10%
"347,15","52,5543","74,1034","0,629328",-284400,"365,705","0,000673447",10%
"348,15","52,5235","74,1151","0,619814",-284325,"365,705","0,000674207",10%
"349,15","52,4923","74,1271","0,610525",-284251,"365,705","0,000674954",10%
"350,15","52,461","74,1394","0,601454",-284177,"365,705","0,00067569",10%
"351,15","52,4293","74,152","0,592594",-284103,"365,705","0,000676413",10%
"352,15","52,3974","74,165","0,583941",-284029,"365,705","0,000677125",10%
"353,15","52,3653","74,1783","0,575487",-283955,"365,705","0,000677826",10%
"354,15","52,3329","74,192","0,567227",-283881,"365,705","0,000678514",10%
"355,15","52,3002","74,206","0,559155",-283806,"365,705","0,000679191",10%
"356,15","52,2673","74,2204","0,551267",-283732,"365,705","0,000679856",10%
"357,15","52,2341","74,2351","0,543557",-283658,"365,705","0,000680509",10%
"358,15","52,2007","74,2502","0,536019",-283584,"365,705","0,000681151",10%
"359,15","52,1671","74,2657","0,528649",-283509,"365,705","0,000681781",10%
"360,15","52,1332","74,2815","0,521443",-283435,"365,705","0,000682399",10%
"361,15","52,099","74,2977","0,514396",-283361,"365,705","0,000683006",10%
"362,15","52,0646","74,3144","0,507503",-283287,"365,705","0,000683601",10%
"363,15","52,03","74,3314","0,50076",-283212,"365,705","0,000684184",10%
"364,15","51,9951","74,3488","0,494164",-283138,"365,705","0,000684756",10%
"365,15","51,9601","74,4047","0,487709",-283064,"365,705","0,000685316",10%
"366,15","51,2229","73,8013","0,600956",-284080,"366,15","0,000691745",10%
"367,15","49,7273","72,465","0,959606",-286381,"367,15","0,000704298",10%
"368,15","48,3743","71,1854","1,49767",-288585,"368,15","0,000715424",10%
"369,15","47,1452","69,9597","2,28726",-290695,"369,15","0,000725348",10%
"370,15","46,0244","68,7855","3,42182",-292717,"370,15","0,000734252",10%
"371,15","44,9989","67,6602","5,01985",-294655,"371,15","0,000742284",10%
"372,15","44,0575","66,5817","7,22831",-296512,"372,15","0,000749561",10%
"373,15","43,1908","65,5476","10,2257",-298292,"373,15","0,000756184",10%
"374,15","42,3908","64,556","14,2246",-299999,"374,15","0,000762234",10%
"375,15","41,6505","63,6049","19,473",-301635,"375,15","0,000767781",10%
"376,15","40,9638","62,6923","26,2549",-303205,"376,15","0,000772882",10%
"377,15","40,3255","61,8166","34,8893",-304712,"377,15","0,000777587",10%
"378,15","39,7309","60,976","45,7282",-306157,"378,15","0,00078194",10%
"379,15","39,1761","60,169","59,1525",-307544,"379,15","0,000785977",10%
"380,15","38,6574","59,3941","75,5668",-308875,"380,15","0,00078973",10%
"381,15","38,1717","58,6497","95,3931",-310154,"381,15","0,000793227",10%
"382,15","37,7162","57,9346","119,063",-311381,"382,15","0,000796492",10%
"383,15","37,2883","57,2475","147,008",-312560,"383,15","0,000799548",10%
"293,15","53,389","73,6501","2,06636",-288869,"365,907","0,000617541",12%
"294,15","53,3779","73,6395","2,01481",-288795,"365,907","0,00061896",12%
"295,15","53,3664","73,63","1,96502",-288722,"365,907","0,000620366",12%
"296,15","53,3543","73,6215","1,9169",-288648,"365,907","0,000621759",12%
"297,15","53,3417","73,614","1,87039",-288575,"365,907","0,000623139",12%
"298,15","53,3286","73,6075","1,82543",-288501,"365,907","0,000624506",12%
"299,15","53,315","73,6018","1,78195",-288427,"365,907","0,000625861",12%
"300,15","53,301","73,5968","1,73989",-288354,"365,907","0,000627202",12%
"301,15","53,2865","73,5926","1,6992",-288280,"365,907","0,000628531",12%
"302,15","53,2716","73,5892","1,65983",-288207,"365,907","0,000629847",12%
"303,15","53,2562","73,5864","1,62171",-288133,"365,907","0,000631151",12%
"304,15","53,2403","73,5841","1,58481",-288059,"365,907","0,000632441",12%
"305,15","53,2241","73,5825","1,54908",-287986,"365,907","0,000633719",12%
"306,15","53,2074","73,5815","1,51446",-287912,"365,907","0,000634984",12%
"307,15","53,1903","73,5809","1,48093",-287839,"365,907","0,000636237",12%
"308,15","53,1727","73,5808","1,44844",-287765,"365,907","0,000637477",12%
"309,15","53,1548","73,5813","1,41694",-287692,"365,907","0,000638705",12%
"310,15","53,1365","73,582","1,38641",-287618,"365,907","0,000639919",12%
"311,15","53,1178","73,5833","1,3568",-287544,"365,907","0,000641122",12%
"312,15","53,0987","73,5849","1,32808",-287471,"365,907","0,000642312",12%
"313,15","53,0792","73,5869","1,30023",-287397,"365,907","0,000643489",12%
"314,15","53,0594","73,5892","1,2732",-287324,"365,907","0,000644654",12%
"315,15","53,0392","73,5919","1,24697",-287250,"365,907","0,000645806",12%
"316,15","53,0186","73,5949","1,22151",-287176,"365,907","0,000646946",12%
"317,15","52,9976","73,5982","1,1968",-287103,"365,907","0,000648074",12%
"318,15","52,9763","73,6019","1,17279",-287029,"365,907","0,000649189",12%
"319,15","52,9547","73,6058","1,14948",-286956,"365,907","0,000650292",12%
"320,15","52,9327","73,61","1,12684",-286882,"365,907","0,000651383",12%
"321,15","52,9104","73,6145","1,10483",-286808,"365,907","0,000652461",12%
"322,15","52,8877","73,6192","1,08345",-286735,"365,907","0,000653527",12%
"323,15","52,8647","73,6242","1,06267",-286661,"365,907","0,000654581",12%
"324,15","52,8413","73,6294","1,04246",-286588,"365,907","0,000655622",12%
"325,15","52,8177","73,6349","1,02281",-286514,"365,907","0,000656651",12%
"326,15","52,7937","73,6407","1,00371",-286440,"365,907","0,000657668",12%
"327,15","52,7694","73,6467","0,985123",-286367,"365,907","0,000658673",12%
"328,15","52,7448","73,6529","0,967043",-286293,"365,907","0,000659666",12%
"329,15","52,7198","73,6594","0,949449",-286219,"365,907","0,000660647",12%
"330,15","52,6946","73,6662","0,932327",-286146,"365,907","0,000661615",12%
"331,15","52,669","73,6732","0,915661",-286072,"365,907","0,000662571",12%
"332,15","52,6432","73,6804","0,899436",-285998,"365,907","0,000663516",12%
"333,15","52,617","73,6879","0,883637",-285925,"365,907","0,000664448",12%
"334,15","52,5905","73,6956","0,868251",-285851,"365,907","0,000665368",12%
"335,15","52,5638","73,7036","0,853264",-285777,"365,907","0,000666276",12%
"336,15","52,5368","73,7119","0,838664",-285704,"365,907","0,000667173",12%
"337,15","52,5094","73,7204","0,824438",-285630,"365,907","0,000668057",12%
"338,15","52,4818","73,7291","0,810575",-285556,"365,907","0,000668929",12%
"339,15","52,4539","73,7382","0,797063",-285482,"365,907","0,00066979",12%
"340,15","52,4257","73,7475","0,78389",-285409,"365,907","0,000670638",12%
"341,15","52,3973","73,7571","0,771048",-285335,"365,907","0,000671475",12%
"342,15","52,3686","73,7669","0,758525",-285261,"365,907","0,000672299",12%
"343,15","52,3395","73,7771","0,746311",-285187,"365,907","0,000673112",12%
"344,15","52,3103","73,7875","0,734397",-285114,"365,907","0,000673913",12%
"345,15","52,2807","73,7982","0,722775",-285040,"365,907","0,000674703",12%
"346,15","52,2509","73,8093","0,711434",-284966,"365,907","0,00067548",12%
"347,15","52,2208","73,8206","0,700368",-284892,"365,907","0,000676246",12%
"348,15","52,1905","73,8322","0,689566",-284818,"365,907","0,000677",12%
"349,15","52,1599","73,8441","0,679022",-284744,"365,907","0,000677742",12%
"350,15","52,1291","73,8564","0,668728",-284671,"365,907","0,000678472",12%
"351,15","52,098","73,869","0,658677",-284597,"365,907","0,000679191",12%
"352,15","52,0666","73,8819","0,648861",-284523,"365,907","0,000679898",12%
"353,15","52,035","73,8952","0,639274",-284449,"365,907","0,000680593",12%
"354,15","52,0031","73,9088","0,629909",-284375,"365,907","0,000681277",12%
"355,15","51,971","73,9228","0,62076",-284301,"365,907","0,000681949",12%
"356,15","51,9386","73,9371","0,61182",-284227,"365,907","0,00068261",12%
"357,15","51,906","73,9517","0,603083",-284153,"365,907","0,000683258",12%
"358,15","51,8732","73,9668","0,594544",-284079,"365,907","0,000683896",12%
"359,15","51,8401","73,9822","0,586197",-284005,"365,907","0,000684521",12%
"360,15","51,8068","73,998","0,578037",-283931,"365,907","0,000685136",12%
"361,15","51,7732","74,0141","0,570059",-283857,"365,907","0,000685738",12%
"362,15","51,7394","74,0307","0,562257",-283783,"365,907","0,000686329",12%
"363,15","51,7054","74,0476","0,554626",-283709,"365,907","0,000686909",12%
"364,15","51,6711","74,065","0,547162",-283635,"365,907","0,000687477",12%
"365,15","51,6366","74,1205","0,539861",-283561,"365,907","0,000688034",12%
"366,15","51,2229","73,8013","0,600956",-284080,"366,15","0,000691745",12%
"367,15","49,7273","72,465","0,959606",-286381,"367,15","0,000704298",12%
"368,15","48,3743","71,1854","1,49767",-288585,"368,15","0,000715424",12%
"369,15","47,1452","69,9597","2,28726",-290695,"369,15","0,000725348",12%
"370,15","46,0244","68,7855","3,42182",-292717,"370,15","0,000734252",12%
"371,15","44,9989","67,6602","5,01985",-294655,"371,15","0,000742284",12%
"372,15","44,0575","66,5817","7,22831",-296512,"372,15","0,000749561",12%
"373,15","43,1908","65,5476","10,2257",-298292,"373,15","0,000756184",12%
"374,15","42,3908","64,556","14,2246",-299999,"374,15","0,000762234",12%
"375,15","41,6505","63,6049","19,473",-301635,"375,15","0,000767781",12%
"376,15","40,9638","62,6923","26,2549",-303205,"376,15","0,000772882",12%
"377,15","40,3255","61,8166","34,8893",-304712,"377,15","0,000777587",12%
"378,15","39,7309","60,976","45,7282",-306157,"378,15","0,00078194",12%
"379,15","39,1761","60,169","59,1525",-307544,"379,15","0,000785977",12%
"380,15","38,6574","59,3941","75,5668",-308875,"380,15","0,00078973",12%
"381,15","38,1717","58,6497","95,3931",-310154,"381,15","0,000793227",12%
"382,15","37,7162","57,9346","119,063",-311381,"382,15","0,000796492",12%
"383,15","37,2883","57,2475","147,008",-312560,"383,15","0,000799548",12%
"293,15","52,8499","73,206","2,51515",-289613,"366,226","0,000622419",15%
"294,15","52,8391","73,1957","2,45086",-289540,"366,226","0,000623825",15%
"295,15","52,8277","73,1864","2,38878",-289466,"366,226","0,000625218",15%
"296,15","52,8159","73,1781","2,32882",-289393,"366,226","0,000626598",15%
"297,15","52,8035","73,1709","2,2709",-289320,"366,226","0,000627965",15%
"298,15","52,7907","73,1645","2,21493",-289247,"366,226","0,00062932",15%
"299,15","52,7774","73,159","2,16084",-289174,"366,226","0,000630661",15%
"300,15","52,7636","73,1542","2,10854",-289101,"366,226","0,00063199",15%
"301,15","52,7494","73,1502","2,05797",-289027,"366,226","0,000633306",15%
"302,15","52,7348","73,1469","2,00906",-288954,"366,226","0,000634609",15%
"303,15","52,7197","73,1442","1,96174",-288881,"366,226","0,0006359",15%
"304,15","52,7042","73,1422","1,91595",-288808,"366,226","0,000637178",15%
"305,15","52,6883","73,1407","1,87163",-288735,"366,226","0,000638443",15%
"306,15","52,672","73,1397","1,82872",-288662,"366,226","0,000639696",15%
"307,15","52,6552","73,1393","1,78718",-288589,"366,226","0,000640936",15%
"308,15","52,6381","73,1393","1,74693",-288515,"366,226","0,000642163",15%
"309,15","52,6206","73,1398","1,70795",-288442,"366,226","0,000643378",15%
"310,15","52,6027","73,1408","1,67017",-288369,"366,226","0,00064458",15%
"311,15","52,5844","73,1421","1,63356",-288296,"366,226","0,00064577",15%
"312,15","52,5658","73,1438","1,59806",-288223,"366,226","0,000646948",15%
"313,15","52,5467","73,1459","1,56365",-288150,"366,226","0,000648113",15%
"314,15","52,5273","73,1483","1,53027",-288077,"366,226","0,000649265",15%
"315,15","52,5076","73,151","1,4979",-288003,"366,226","0,000650406",15%
"316,15","52,4875","73,1541","1,46649",-287930,"366,226","0,000651534",15%
"317,15","52,4671","73,1575","1,43601",-287857,"366,226","0,000652649",15%
"318,15","52,4463","73,1612","1,40642",-287784,"366,226","0,000653753",15%
"319,15","52,4251","73,1651","1,3777",-287711,"366,226","0,000654844",15%
"320,15","52,4037","73,1694","1,34981",-287638,"366,226","0,000655922",15%
"321,15","52,3819","73,1739","1,32273",-287564,"366,226","0,000656989",15%
"322,15","52,3598","73,1786","1,29642",-287491,"366,226","0,000658043",15%
"323,15","52,3373","73,1837","1,27086",-287418,"366,226","0,000659085",15%
"324,15","52,3145","73,189","1,24602",-287345,"366,226","0,000660116",15%
"325,15","52,2915","73,1945","1,22188",-287272,"366,226","0,000661134",15%
"326,15","52,2681","73,2003","1,19841",-287198,"366,226","0,000662139",15%
"327,15","52,2443","73,2063","1,17559",-287125,"366,226","0,000663133",15%
"328,15","52,2203","73,2126","1,15341",-287052,"366,226","0,000664115",15%
"329,15","52,196","73,2191","1,13182",-286979,"366,226","0,000665085",15%
"330,15","52,1714","73,2259","1,11083",-286906,"366,226","0,000666042",15%
"331,15","52,1465","73,2329","1,0904",-286832,"366,226","0,000666988",15%
"332,15","52,1213","73,2401","1,07052",-286759,"366,226","0,000667922",15%
"333,15","52,0958","73,2476","1,05117",-286686,"366,226","0,000668844",15%
"334,15","52,07","73,2554","1,03234",-286613,"366,226","0,000669753",15%
"335,15","52,0439","73,2633","1,014",-286539,"366,226","0,000670652",15%
"336,15","52,0175","73,2716","0,99614",-286466,"366,226","0,000671538",15%
"337,15","51,9909","73,2801","0,978745",-286393,"366,226","0,000672412",15%
"338,15","51,964","73,2888","0,961801",-286320,"366,226","0,000673275",15%
"339,15","51,9368","73,2978","0,945292",-286246,"366,226","0,000674125",15%
"340,15","51,9093","73,3071","0,929205",-286173,"366,226","0,000674964",15%
"341,15","51,8816","73,3166","0,913526",-286100,"366,226","0,000675792",15%
"342,15","51,8536","73,3265","0,898244",-286026,"366,226","0,000676607",15%
"343,15","51,8253","73,3366","0,883344",-285953,"366,226","0,000677411",15%
"344,15","51,7968","73,347","0,868816",-285880,"366,226","0,000678203",15%
"345,15","51,768","73,3577","0,854648",-285806,"366,226","0,000678983",15%
"346,15","51,739","73,3686","0,840829",-285733,"366,226","0,000679752",15%
"347,15","51,7097","73,3799","0,827348",-285660,"366,226","0,000680509",15%
"348,15","51,6801","73,3915","0,814196",-285586,"366,226","0,000681255",15%
"349,15","51,6503","73,4034","0,801362",-285513,"366,226","0,000681989",15%
"350,15","51,6203","73,4156","0,788836",-285439,"366,226","0,000682711",15%
"351,15","51,59","73,4281","0,77661",-285366,"366,226","0,000683422",15%
"352,15","51,5594","73,441","0,764675",-285293,"366,226","0,000684121",15%
"353,15","51,5286","73,4542","0,753022",-285219,"366,226","0,000684809",15%
"354,15","51,4976","73,4677","0,741643",-285146,"366,226","0,000685485",15%
"355,15","51,4663","73,4816","0,730529",-285072,"366,226","0,00068615",15%
"356,15","51,4348","73,4958","0,719673",-284999,"366,226","0,000686803",15%
"357,15","51,403","73,5104","0,709068",-284925,"366,226","0,000687445",15%
"358,15","51,371","73,5253","0,698707",-284852,"366,226","0,000688076",15%
"359,15","51,3388","73,5406","0,688582",-284778,"366,226","0,000688695",15%
"360,15","51,3063","73,5563","0,678687",-284705,"366,226","0,000689303",15%
"361,15","51,2736","73,5723","0,669015",-284631,"366,226","0,000689899",15%
"362,15","51,2407","73,5887","0,65956",-284557,"366,226","0,000690484",15%
"363,15","51,2076","73,6055","0,650316",-284484,"366,226","0,000691058",15%
"364,15","51,1742","73,6227","0,641277",-284410,"366,226","0,00069162",15%
"365,15","51,1406","73,6777","0,632438",-284337,"366,226","0,000692171",15%
"366,15","51,1068","73,6966","0,623792",-284263,"366,226","0,000692711",15%
"367,15","49,7273","72,465","0,959606",-286381,"367,15","0,000704298",15%
"368,15","48,3743","71,1854","1,49767",-288585,"368,15","0,000715424",15%
"369,15","47,1452","69,9597","2,28726",-290695,"369,15","0,000725348",15%
"370,15","46,0244","68,7855","3,42182",-292717,"370,15","0,000734252",15%
"371,15","44,9989","67,6602","5,01985",-294655,"371,15","0,000742284",15%
"372,15","44,0575","66,5817","7,22831",-296512,"372,15","0,000749561",15%
"373,15","43,1908","65,5476","10,2257",-298292,"373,15","0,000756184",15%
"374,15","42,3908","64,556","14,2246",-299999,"374,15","0,000762234",15%
"375,15","41,6505","63,6049","19,473",-301635,"375,15","0,000767781",15%
"376,15","40,9638","62,6923","26,2549",-303205,"376,15","0,000772882",15%
"377,15","40,3255","61,8166","34,8893",-304712,"377,15","0,000777587",15%
"378,15","39,7309","60,976","45,7282",-306157,"378,15","0,00078194",15%
"379,15","39,1761","60,169","59,1525",-307544,"379,15","0,000785977",15%
"380,15","38,6574","59,3941","75,5668",-308875,"380,15","0,00078973",15%
"381,15","38,1717","58,6497","95,3931",-310154,"381,15","0,000793227",15%
"382,15","37,7162","57,9346","119,063",-311381,"382,15","0,000796492",15%
"383,15","37,2883","57,2475","147,008",-312560,"383,15","0,000799548",15%
"293,15","51,9202","72,4184","3,56423",-290932,"366,802","0,000630813",20%
"294,15","51,9097","72,4084","3,46921",-290859,"366,802","0,000632196",20%
"295,15","51,8986","72,3996","3,37755",-290787,"366,802","0,000633565",20%
"296,15","51,8872","72,3917","3,28911",-290715,"366,802","0,000634922",20%
"297,15","51,8752","72,3848","3,20375",-290642,"366,802","0,000636265",20%
"298,15","51,8628","72,3788","3,12135",-290570,"366,802","0,000637596",20%
"299,15","51,85","72,3736","3,04179",-290497,"366,802","0,000638914",20%
"300,15","51,8367","72,3692","2,96494",-290425,"366,802","0,00064022",20%
"301,15","51,823","72,3654","2,8907",-290353,"366,802","0,000641512",20%
"302,15","51,8089","72,3624","2,81895",-290280,"366,802","0,000642792",20%
"303,15","51,7943","72,36","2,74961",-290208,"366,802","0,00064406",20%
"304,15","51,7794","72,3582","2,68257",-290136,"366,802","0,000645314",20%
"305,15","51,7641","72,3569","2,61774",-290063,"366,802","0,000646557",20%
"306,15","51,7484","72,3562","2,55503",-289991,"366,802","0,000647786",20%
"307,15","51,7323","72,356","2,49436",-289918,"366,802","0,000649003",20%
"308,15","51,7158","72,3562","2,43565",-289846,"366,802","0,000650208",20%
"309,15","51,699","72,3569","2,37882",-289774,"366,802","0,0006514",20%
"310,15","51,6818","72,358","2,32381",-289701,"366,802","0,00065258",20%
"311,15","51,6642","72,3595","2,27053",-289629,"366,802","0,000653748",20%
"312,15","51,6463","72,3613","2,21893",-289557,"366,802","0,000654903",20%
"313,15","51,6281","72,3636","2,16894",-289484,"366,802","0,000656046",20%
"314,15","51,6095","72,3662","2,1205",-289412,"366,802","0,000657176",20%
"315,15","51,5905","72,369","2,07355",-289340,"366,802","0,000658295",20%
"316,15","51,5713","72,3722","2,02804",-289267,"366,802","0,000659401",20%
"317,15","51,5516","72,3757","1,98391",-289195,"366,802","0,000660495",20%
"318,15","51,5317","72,3795","1,94112",-289122,"366,802","0,000661577",20%
"319,15","51,5115","72,3836","1,8996",-289050,"366,802","0,000662646",20%
"320,15","51,4909","72,3879","1,85933",-288978,"366,802","0,000663704",20%
"321,15","51,47","72,3925","1,82024",-288905,"366,802","0,00066475",20%
"322,15","51,4488","72,3974","1,78231",-288833,"366,802","0,000665783",20%
"323,15","51,4273","72,4025","1,74548",-288760,"366,802","0,000666805",20%
"324,15","51,4055","72,4078","1,70972",-288688,"366,802","0,000667814",20%
"325,15","51,3834","72,4134","1,675",-288616,"366,802","0,000668812",20%
"326,15","51,361","72,4192","1,64127",-288543,"366,802","0,000669798",20%
"327,15","51,3383","72,4253","1,60849",-288471,"366,802","0,000670772",20%
"328,15","51,3154","72,4316","1,57665",-288398,"366,802","0,000671734",20%
"329,15","51,2921","72,4381","1,5457",-288326,"366,802","0,000672684",20%
"330,15","51,2685","72,4449","1,51561",-288254,"366,802","0,000673623",20%
"331,15","51,2447","72,4519","1,48636",-288181,"366,802","0,000674549",20%
"332,15","51,2206","72,4592","1,45792",-288109,"366,802","0,000675464",20%
"333,15","51,1962","72,4667","1,43025",-288036,"366,802","0,000676368",20%
"334,15","51,1715","72,4744","1,40334",-287964,"366,802","0,000677259",20%
"335,15","51,1466","72,4824","1,37716",-287891,"366,802","0,000678139",20%
"336,15","51,1214","72,4906","1,35168",-287819,"366,802","0,000679007",20%
"337,15","51,096","72,4991","1,32688",-287746,"366,802","0,000679864",20%
"338,15","51,0702","72,5078","1,30274",-287674,"366,802","0,000680709",20%
"339,15","51,0442","72,5168","1,27924",-287601,"366,802","0,000681543",20%
"340,15","51,018","72,526","1,25635",-287529,"366,802","0,000682365",20%
"341,15","50,9915","72,5355","1,23406",-287456,"366,802","0,000683175",20%
"342,15","50,9647","72,5453","1,21235",-287384,"366,802","0,000683974",20%
"343,15","50,9377","72,5554","1,1912",-287311,"366,802","0,000684762",20%
"344,15","50,9105","72,5657","1,17058",-287239,"366,802","0,000685538",20%
"345,15","50,883","72,5763","1,1505",-287166,"366,802","0,000686302",20%
"346,15","50,8552","72,5872","1,13092",-287093,"366,802","0,000687056",20%
"347,15","50,8273","72,5984","1,11183",-287021,"366,802","0,000687798",20%
"348,15","50,799","72,6098","1,09322",-286948,"366,802","0,000688528",20%
"349,15","50,7706","72,6216","1,07507",-286876,"366,802","0,000689248",20%
"350,15","50,7419","72,6337","1,05737",-286803,"366,802","0,000689956",20%
"351,15","50,7129","72,6461","1,04011",-286730,"366,802","0,000690653",20%
"352,15","50,6837","72,6589","1,02326",-286658,"366,802","0,000691338",20%
"353,15","50,6543","72,6719","1,00683",-286585,"366,802","0,000692012",20%
"354,15","50,6247","72,6853","0,990787",-286512,"366,802","0,000692675",20%
"355,15","50,5948","72,699","0,975132",-286440,"366,802","0,000693327",20%
"356,15","50,5647","72,713","0,95985",-286367,"366,802","0,000693968",20%
"357,15","50,5344","72,7274","0,94493",-286294,"366,802","0,000694598",20%
"358,15","50,5039","72,7422","0,930361",-286221,"366,802","0,000695216",20%
"359,15","50,4731","72,7573","0,916134",-286149,"366,802","0,000695823",20%
"360,15","50,4421","72,7728","0,902238",-286076,"366,802","0,00069642",20%
"361,15","50,4109","72,7886","0,888664",-286003,"366,802","0,000697005",20%
"362,15","50,3795","72,8049","0,875402",-285930,"366,802","0,000697579",20%
"363,15","50,3478","72,8214","0,862444",-285858,"366,802","0,000698142",20%
"364,15","50,3159","72,8384","0,84978",-285785,"366,802","0,000698694",20%
"365,15","50,2839","72,8923","0,837403",-285712,"366,802","0,000699236",20%
"366,15","50,2516","72,911","0,825305",-285639,"366,802","0,000699766",20%
"367,15","49,7273","72,465","0,959606",-286381,"367,15","0,000704298",20%
"368,15","48,3743","71,1854","1,49767",-288585,"368,15","0,000715424",20%
"369,15","47,1452","69,9597","2,28726",-290695,"369,15","0,000725348",20%
"370,15","46,0244","68,7855","3,42182",-292717,"370,15","0,000734252",20%
"371,15","44,9989","67,6602","5,01985",-294655,"371,15","0,000742284",20%
"372,15","44,0575","66,5817","7,22831",-296512,"372,15","0,000749561",20%
"373,15","43,1908","65,5476","10,2257",-298292,"373,15","0,000756184",20%
"374,15","42,3908","64,556","14,2246",-299999,"374,15","0,000762234",20%
"375,15","41,6505","63,6049","19,473",-301635,"375,15","0,000767781",20%
"376,15","40,9638","62,6923","26,2549",-303205,"376,15","0,000772882",20%
"377,15","40,3255","61,8166","34,8893",-304712,"377,15","0,000777587",20%
"378,15","39,7309","60,976","45,7282",-306157,"378,15","0,00078194",20%
"379,15","39,1761","60,169","59,1525",-307544,"379,15","0,000785977",20%
"380,15","38,6574","59,3941","75,5668",-308875,"380,15","0,00078973",20%
"381,15","38,1717","58,6497","95,3931",-310154,"381,15","0,000793227",20%
"382,15","37,7162","57,9346","119,063",-311381,"382,15","0,000796492",20%
"383,15","37,2883","57,2475","147,008",-312560,"383,15","0,000799548",20%
"293,15","50,9489","71,5648","5,20032",-292361,"367,443","0,000639556",25%
"294,15","50,9387","71,5553","5,0555",-292289,"367,443","0,000640912",25%
"295,15","50,9281","71,547","4,91596",-292218,"367,443","0,000642255",25%
"296,15","50,917","71,5396","4,78146",-292146,"367,443","0,000643586",25%
"297,15","50,9054","71,533","4,65179",-292075,"367,443","0,000644903",25%
"298,15","50,8935","71,5274","4,52674",-292003,"367,443","0,000646208",25%
"299,15","50,8811","71,5225","4,40612",-291932,"367,443","0,0006475",25%
"300,15","50,8683","71,5185","4,28974",-291860,"367,443","0,000648779",25%
"301,15","50,8551","71,5151","4,17741",-291789,"367,443","0,000650046",25%
"302,15","50,8415","71,5123","4,06898",-291717,"367,443","0,0006513",25%
"303,15","50,8276","71,5102","3,96428",-291646,"367,443","0,000652542",25%
"304,15","50,8132","71,5087","3,86316",-291574,"367,443","0,000653771",25%
"305,15","50,7985","71,5077","3,76546",-291503,"367,443","0,000654988",25%
"306,15","50,7834","71,5072","3,67106",-291431,"367,443","0,000656192",25%
"307,15","50,768","71,5072","3,57982",-291360,"367,443","0,000657384",25%
"308,15","50,7522","71,5076","3,49161",-291288,"367,443","0,000658563",25%
"309,15","50,7361","71,5085","3,40632",-291217,"367,443","0,000659731",25%
"310,15","50,7196","71,5098","3,32382",-291145,"367,443","0,000660886",25%
"311,15","50,7028","71,5115","3,244",-291074,"367,443","0,000662028",25%
"312,15","50,6856","71,5135","3,16677",-291002,"367,443","0,000663159",25%
"313,15","50,6682","71,5159","3,09202",-290931,"367,443","0,000664277",25%
"314,15","50,6504","71,5186","3,01966",-290859,"367,443","0,000665384",25%
"315,15","50,6322","71,5216","2,94958",-290788,"367,443","0,000666478",25%
"316,15","50,6138","71,5249","2,88172",-290716,"367,443","0,00066756",25%
"317,15","50,5951","71,5285","2,81598",-290645,"367,443","0,00066863",25%
"318,15","50,576","71,5324","2,75227",-290573,"367,443","0,000669689",25%
"319,15","50,5567","71,5366","2,69054",-290501,"367,443","0,000670735",25%
"320,15","50,537","71,541","2,6307",-290430,"367,443","0,00067177",25%
"321,15","50,5171","71,5457","2,57268",-290358,"367,443","0,000672792",25%
"322,15","50,4968","71,5507","2,51642",-290287,"367,443","0,000673803",25%
"323,15","50,4763","71,5558","2,46184",-290215,"367,443","0,000674802",25%
"324,15","50,4555","71,5612","2,4089",-290144,"367,443","0,000675789",25%
"325,15","50,4344","71,5669","2,35753",-290072,"367,443","0,000676765",25%
"326,15","50,413","71,5728","2,30767",-290001,"367,443","0,000677729",25%
"327,15","50,3914","71,5789","2,25928",-289929,"367,443","0,000678681",25%
"328,15","50,3695","71,5852","2,21229",-289857,"367,443","0,000679621",25%
"329,15","50,3473","71,5918","2,16666",-289786,"367,443","0,000680551",25%
"330,15","50,3248","71,5986","2,12235",-289714,"367,443","0,000681468",25%
"331,15","50,3021","71,6057","2,07929",-289643,"367,443","0,000682374",25%
"332,15","50,2791","71,6129","2,03746",-289571,"367,443","0,000683268",25%
"333,15","50,2558","71,6204","1,99681",-289499,"367,443","0,000684151",25%
"334,15","50,2323","71,6282","1,9573",-289428,"367,443","0,000685023",25%
"335,15","50,2086","71,6361","1,91889",-289356,"367,443","0,000685883",25%
"336,15","50,1846","71,6443","1,88154",-289285,"367,443","0,000686732",25%
"337,15","50,1603","71,6528","1,84522",-289213,"367,443","0,000687569",25%
"338,15","50,1358","71,6615","1,80989",-289141,"367,443","0,000688395",25%
"339,15","50,111","71,6704","1,77552",-289070,"367,443","0,00068921",25%
"340,15","50,086","71,6796","1,74207",-288998,"367,443","0,000690014",25%
"341,15","50,0608","71,6891","1,70953",-288926,"367,443","0,000690806",25%
"342,15","50,0353","71,6988","1,67785",-288854,"367,443","0,000691587",25%
"343,15","50,0096","71,7087","1,64701",-288783,"367,443","0,000692357",25%
"344,15","49,9836","71,719","1,61699",-288711,"367,443","0,000693116",25%
"345,15","49,9575","71,7295","1,58775",-288639,"367,443","0,000693864",25%
"346,15","49,931","71,7403","1,55927",-288568,"367,443","0,0006946",25%
"347,15","49,9044","71,7514","1,53152",-288496,"367,443","0,000695326",25%
"348,15","49,8775","71,7628","1,50449",-288424,"367,443","0,00069604",25%
"349,15","49,8504","71,7744","1,47815",-288352,"367,443","0,000696744",25%
"350,15","49,8231","71,7864","1,45248",-288281,"367,443","0,000697436",25%
"351,15","49,7955","71,7987","1,42746",-288209,"367,443","0,000698118",25%
"352,15","49,7678","71,8113","1,40306",-288137,"367,443","0,000698788",25%
"353,15","49,7398","71,8242","1,37928",-288065,"367,443","0,000699448",25%
"354,15","49,7116","71,8374","1,35608",-287993,"367,443","0,000700097",25%
"355,15","49,6832","71,8509","1,33346",-287922,"367,443","0,000700735",25%
"356,15","49,6545","71,8648","1,31139",-287850,"367,443","0,000701362",25%
"357,15","49,6257","71,8791","1,28986",-287778,"367,443","0,000701978",25%
"358,15","49,5966","71,8936","1,26885",-287706,"367,443","0,000702584",25%
"359,15","49,5673","71,9085","1,24834",-287634,"367,443","0,000703178",25%
"360,15","49,5379","71,9238","1,22833",-287562,"367,443","0,000703762",25%
"361,15","49,5082","71,9394","1,20879",-287490,"367,443","0,000704335",25%
"362,15","49,4783","71,9554","1,18972",-287418,"367,443","0,000704898",25%
"363,15","49,4482","71,9717","1,17109",-287346,"367,443","0,00070545",25%
"364,15","49,4178","71,9885","1,1529",-287274,"367,443","0,000705991",25%
"365,15","49,3873","72,0413","1,13514",-287202,"367,443","0,000706521",25%
"366,15","49,3567","72,0596","1,11778",-287130,"367,443","0,000707041",25%
"367,15","49,3258","72,0785","1,10083",-287058,"367,443","0,00070755",25%
"368,15","48,3743","71,1854","1,49767",-288585,"368,15","0,000715424",25%
"369,15","47,1452","69,9597","2,28726",-290695,"369,15","0,000725348",25%
"370,15","46,0244","68,7855","3,42182",-292717,"370,15","0,000734252",25%
"371,15","44,9989","67,6602","5,01985",-294655,"371,15","0,000742284",25%
"372,15","44,0575","66,5817","7,22831",-296512,"372,15","0,000749561",25%
"373,15","43,1908","65,5476","10,2257",-298292,"373,15","0,000756184",25%
"374,15","42,3908","64,556","14,2246",-299999,"374,15","0,000762234",25%
"375,15","41,6505","63,6049","19,473",-301635,"375,15","0,000767781",25%
"376,15","40,9638","62,6923","26,2549",-303205,"376,15","0,000772882",25%
"377,15","40,3255","61,8166","34,8893",-304712,"377,15","0,000777587",25%
"378,15","39,7309","60,976","45,7282",-306157,"378,15","0,00078194",25%
"379,15","39,1761","60,169","59,1525",-307544,"379,15","0,000785977",25%
"380,15","38,6574","59,3941","75,5668",-308875,"380,15","0,00078973",25%
"381,15","38,1717","58,6497","95,3931",-310154,"381,15","0,000793227",25%
"382,15","37,7162","57,9346","119,063",-311381,"382,15","0,000796492",25%
"383,15","37,2883","57,2475","147,008",-312560,"383,15","0,000799548",25%
"293,15","49,9333","70,6367","7,84179",-293915,"368,161","0,000648673",30%
"294,15","49,9234","70,6278","7,61331",-293844,"368,161","0,00065",30%
"295,15","49,9131","70,6199","7,3934",-293774,"368,161","0,000651313",30%
"296,15","49,9024","70,6129","7,18169",-293703,"368,161","0,000652614",30%
"297,15","49,8913","70,6069","6,97781",-293633,"368,161","0,000653903",30%
"298,15","49,8798","70,6016","6,78143",-293562,"368,161","0,000655178",30%
"299,15","49,8679","70,5972","6,59221",-293491,"368,161","0,000656441",30%
"300,15","49,8556","70,5935","6,40985",-293421,"368,161","0,000657692",30%
"301,15","49,8429","70,5904","6,23405",-293350,"368,161","0,00065893",30%
"302,15","49,8299","70,588","6,06452",-293280,"368,161","0,000660155",30%
"303,15","49,8165","70,5862","5,90102",-293209,"368,161","0,000661368",30%
"304,15","49,8028","70,585","5,74327",-293138,"368,161","0,000662569",30%
"305,15","49,7887","70,5843","5,59105",-293068,"368,161","0,000663757",30%
"306,15","49,7743","70,584","5,44411",-292997,"368,161","0,000664933",30%
"307,15","49,7595","70,5843","5,30224",-292927,"368,161","0,000666097",30%
"308,15","49,7444","70,5849","5,16524",-292856,"368,161","0,000667249",30%
"309,15","49,729","70,5861","5,0329",-292785,"368,161","0,000668389",30%
"310,15","49,7132","70,5875","4,90503",-292715,"368,161","0,000669516",30%
"311,15","49,6972","70,5894","4,78146",-292644,"368,161","0,000670632",30%
"312,15","49,6808","70,5916","4,66201",-292574,"368,161","0,000671735",30%
"313,15","49,6642","70,5942","4,54652",-292503,"368,161","0,000672827",30%
"314,15","49,6472","70,597","4,43483",-292433,"368,161","0,000673906",30%
"315,15","49,6299","70,6002","4,32678",-292362,"368,161","0,000674974",30%
"316,15","49,6123","70,6037","4,22225",-292291,"368,161","0,00067603",30%
"317,15","49,5945","70,6075","4,12109",-292221,"368,161","0,000677074",30%
"318,15","49,5763","70,6115","4,02317",-292150,"368,161","0,000678107",30%
"319,15","49,5579","70,6157","3,92836",-292079,"368,161","0,000679127",30%
"320,15","49,5392","70,6203","3,83656",-292009,"368,161","0,000680136",30%
"321,15","49,5202","70,625","3,74763",-291938,"368,161","0,000681134",30%
"322,15","49,5009","70,6301","3,66149",-291868,"368,161","0,00068212",30%
"323,15","49,4814","70,6353","3,57801",-291797,"368,161","0,000683094",30%
"324,15","49,4616","70,6408","3,49711",-291726,"368,161","0,000684057",30%
"325,15","49,4415","70,6465","3,41868",-291656,"368,161","0,000685008",30%
"326,15","49,4212","70,6525","3,34263",-291585,"368,161","0,000685948",30%
"327,15","49,4006","70,6587","3,26888",-291514,"368,161","0,000686876",30%
"328,15","49,3798","70,665","3,19735",-291444,"368,161","0,000687794",30%
"329,15","49,3587","70,6716","3,12795",-291373,"368,161","0,000688699",30%
"330,15","49,3373","70,6785","3,06061",-291302,"368,161","0,000689594",30%
"331,15","49,3158","70,6855","2,99525",-291232,"368,161","0,000690477",30%
"332,15","49,2939","70,6928","2,9318",-291161,"368,161","0,000691349",30%
"333,15","49,2718","70,7003","2,8702",-291090,"368,161","0,00069221",30%
"334,15","49,2495","70,708","2,81037",-291020,"368,161","0,00069306",30%
"335,15","49,2269","70,716","2,75227",-290949,"368,161","0,000693898",30%
"336,15","49,2041","70,7242","2,69582",-290878,"368,161","0,000694726",30%
"337,15","49,1811","70,7326","2,64098",-290808,"368,161","0,000695542",30%
"338,15","49,1578","70,7413","2,58767",-290737,"368,161","0,000696348",30%
"339,15","49,1343","70,7501","2,53587",-290666,"368,161","0,000697142",30%
"340,15","49,1106","70,7593","2,4855",-290595,"368,161","0,000697926",30%
"341,15","49,0866","70,7687","2,43653",-290525,"368,161","0,000698698",30%
"342,15","49,0625","70,7784","2,3889",-290454,"368,161","0,00069946",30%
"343,15","49,0381","70,7882","2,34257",-290383,"368,161","0,000700211",30%
"344,15","49,0134","70,7984","2,29751",-290312,"368,161","0,000700951",30%
"345,15","48,9886","70,8088","2,25366",-290241,"368,161","0,00070168",30%
"346,15","48,9635","70,8196","2,21098",-290171,"368,161","0,000702399",30%
"347,15","48,9383","70,8305","2,16945",-290100,"368,161","0,000703106",30%
"348,15","48,9128","70,8418","2,12901",-290029,"368,161","0,000703803",30%
"349,15","48,8871","70,8533","2,08964",-289958,"368,161","0,00070449",30%
"350,15","48,8612","70,8651","2,0513",-289887,"368,161","0,000705165",30%
"351,15","48,835","70,8773","2,01396",-289816,"368,161","0,00070583",30%
"352,15","48,8087","70,8897","1,97758",-289745,"368,161","0,000706485",30%
"353,15","48,7822","70,9025","1,94215",-289675,"368,161","0,000707129",30%
"354,15","48,7554","70,9155","1,90761",-289604,"368,161","0,000707762",30%
"355,15","48,7285","70,9289","1,87396",-289533,"368,161","0,000708385",30%
"356,15","48,7014","70,9426","1,84115",-289462,"368,161","0,000708997",30%
"357,15","48,674","70,9566","1,80917",-289391,"368,161","0,000709599",30%
"358,15","48,6465","70,9709","1,77799",-289320,"368,161","0,00071019",30%
"359,15","48,6187","70,9856","1,74758",-289249,"368,161","0,000710771",30%
"360,15","48,5908","71,0007","1,71793",-289178,"368,161","0,000711342",30%
"361,15","48,5626","71,016","1,689",-289107,"368,161","0,000711902",30%
"362,15","48,5343","71,0318","1,66078",-289036,"368,161","0,000712451",30%
"363,15","48,5058","71,0479","1,63324",-288965,"368,161","0,000712991",30%
"364,15","48,477","71,0643","1,60637",-288894,"368,161","0,00071352",30%
"365,15","48,4481","71,1159","1,58014",-288823,"368,161","0,000714039",30%
"366,15","48,4191","71,134","1,55453",-288752,"368,161","0,000714547",30%
"367,15","48,3899","71,1525","1,52954",-288680,"368,161","0,000715046",30%
"368,15","48,3604","71,1714","1,50513",-288609,"368,161","0,000715534",30%
"369,15","47,1452","69,9597","2,28726",-290695,"369,15","0,000725348",30%
"370,15","46,0244","68,7855","3,42182",-292717,"370,15","0,000734252",30%
"371,15","44,9989","67,6602","5,01985",-294655,"371,15","0,000742284",30%
"372,15","44,0575","66,5817","7,22831",-296512,"372,15","0,000749561",30%
"373,15","43,1908","65,5476","10,2257",-298292,"373,15","0,000756184",30%
"374,15","42,3908","64,556","14,2246",-299999,"374,15","0,000762234",30%
"375,15","41,6505","63,6049","19,473",-301635,"375,15","0,000767781",30%
"376,15","40,9638","62,6923","26,2549",-303205,"376,15","0,000772882",30%
"377,15","40,3255","61,8166","34,8893",-304712,"377,15","0,000777587",30%
"378,15","39,7309","60,976","45,7282",-306157,"378,15","0,00078194",30%
"379,15","39,1761","60,169","59,1525",-307544,"379,15","0,000785977",30%
"380,15","38,6574","59,3941","75,5668",-308875,"380,15","0,00078973",30%
"381,15","38,1717","58,6497","95,3931",-310154,"381,15","0,000793227",30%
"382,15","37,7162","57,9346","119,063",-311381,"382,15","0,000796492",30%
"383,15","37,2883","57,2475","147,008",-312560,"383,15","0,000799548",30%
"293,15","48,8702","69,624","12,2767",-295611,"368,97","0,000658191",35%
"294,15","48,8607","69,6156","11,9018",-295541,"368,97","0,000659485",35%
"295,15","48,8507","69,6082","11,5414",-295472,"368,97","0,000660766",35%
"296,15","48,8404","69,6018","11,1948",-295402,"368,97","0,000662034",35%
"297,15","48,8297","69,5962","10,8615",-295333,"368,97","0,000663289",35%
"298,15","48,8187","69,5914","10,5409",-295263,"368,97","0,000664533",35%
"299,15","48,8073","69,5874","10,2324",-295193,"368,97","0,000665763",35%
"300,15","48,7955","69,5841","9,93537",-295124,"368,97","0,000666982",35%
"301,15","48,7834","69,5814","9,64942",-295054,"368,97","0,000668187",35%
"302,15","48,7709","69,5793","9,37403",-294985,"368,97","0,000669381",35%
"303,15","48,7581","69,5779","9,10873",-294915,"368,97","0,000670563",35%
"304,15","48,745","69,577","8,8531",-294845,"368,97","0,000671732",35%
"305,15","48,7316","69,5765","8,6067",-294776,"368,97","0,000672889",35%
"306,15","48,7178","69,5766","8,36915",-294706,"368,97","0,000674034",35%
"307,15","48,7037","69,5771","8,14008",-294637,"368,97","0,000675167",35%
"308,15","48,6893","69,578","7,91912",-294567,"368,97","0,000676288",35%
"309,15","48,6746","69,5794","7,70593",-294498,"368,97","0,000677397",35%
"310,15","48,6597","69,5811","7,50019",-294428,"368,97","0,000678494",35%
"311,15","48,6444","69,5832","7,30159",-294358,"368,97","0,00067958",35%
"312,15","48,6288","69,5856","7,10983",-294289,"368,97","0,000680653",35%
"313,15","48,613","69,5883","6,92465",-294219,"368,97","0,000681715",35%
"314,15","48,5968","69,5914","6,74576",-294150,"368,97","0,000682765",35%
"315,15","48,5804","69,5947","6,57291",-294080,"368,97","0,000683804",35%
"316,15","48,5637","69,5983","6,40586",-294010,"368,97","0,000684831",35%
"317,15","48,5468","69,6022","6,24439",-293941,"368,97","0,000685846",35%
"318,15","48,5295","69,6064","6,08826",-293871,"368,97","0,00068685",35%
"319,15","48,512","69,6108","5,93727",-293802,"368,97","0,000687843",35%
"320,15","48,4943","69,6154","5,79121",-293732,"368,97","0,000688824",35%
"321,15","48,4763","69,6203","5,64989",-293662,"368,97","0,000689794",35%
"322,15","48,458","69,6254","5,51313",-293593,"368,97","0,000690752",35%
"323,15","48,4395","69,6308","5,38076",-293523,"368,97","0,000691699",35%
"324,15","48,4207","69,6364","5,2526",-293453,"368,97","0,000692635",35%
"325,15","48,4017","69,6421","5,1285",-293384,"368,97","0,00069356",35%
"326,15","48,3825","69,6482","5,00829",-293314,"368,97","0,000694474",35%
"327,15","48,363","69,6544","4,89184",-293245,"368,97","0,000695376",35%
"328,15","48,3432","69,6608","4,779",-293175,"368,97","0,000696268",35%
"329,15","48,3233","69,6675","4,66964",-293105,"368,97","0,000697148",35%
"330,15","48,3031","69,6743","4,56363",-293036,"368,97","0,000698018",35%
"331,15","48,2826","69,6814","4,46085",-292966,"368,97","0,000698876",35%
"332,15","48,2619","69,6887","4,36118",-292896,"368,97","0,000699724",35%
"333,15","48,241","69,6962","4,2645",-292827,"368,97","0,00070056",35%
"334,15","48,2199","69,7039","4,17071",-292757,"368,97","0,000701386",35%
"335,15","48,1986","69,7119","4,07971",-292687,"368,97","0,000702202",35%
"336,15","48,177","69,72","3,99139",-292617,"368,97","0,000703006",35%
"337,15","48,1552","69,7284","3,90566",-292548,"368,97","0,0007038",35%
"338,15","48,1332","69,7371","3,82242",-292478,"368,97","0,000704583",35%
"339,15","48,111","69,7459","3,7416",-292408,"368,97","0,000705355",35%
"340,15","48,0886","69,755","3,6631",-292338,"368,97","0,000706117",35%
"341,15","48,0659","69,7643","3,58684",-292269,"368,97","0,000706868",35%
"342,15","48,0431","69,7739","3,51275",-292199,"368,97","0,000707608",35%
"343,15","48,02","69,7837","3,44076",-292129,"368,97","0,000708339",35%
"344,15","47,9968","69,7938","3,37079",-292059,"368,97","0,000709058",35%
"345,15","47,9733","69,8041","3,30276",-291990,"368,97","0,000709767",35%
"346,15","47,9496","69,8147","3,23663",-291920,"368,97","0,000710466",35%
"347,15","47,9258","69,8256","3,17232",-291850,"368,97","0,000711154",35%
"348,15","47,9017","69,8367","3,10977",-291780,"368,97","0,000711832",35%
"349,15","47,8774","69,8481","3,04892",-291710,"368,97","0,0007125",35%
"350,15","47,853","69,8598","2,98972",-291640,"368,97","0,000713157",35%
"351,15","47,8283","69,8718","2,93212",-291571,"368,97","0,000713805",35%
"352,15","47,8034","69,8841","2,87605",-291501,"368,97","0,000714441",35%
"353,15","47,7784","69,8966","2,82148",-291431,"368,97","0,000715068",35%
"354,15","47,7531","69,9095","2,76835",-291361,"368,97","0,000715685",35%
"355,15","47,7277","69,9227","2,71662",-291291,"368,97","0,000716291",35%
"356,15","47,7021","69,9361","2,66623",-291221,"368,97","0,000716887",35%
"357,15","47,6763","69,95","2,61716",-291151,"368,97","0,000717473",35%
"358,15","47,6503","69,9641","2,56935",-291081,"368,97","0,000718049",35%
"359,15","47,6241","69,9785","2,52277",-291011,"368,97","0,000718615",35%
"360,15","47,5977","69,9933","2,47738",-290941,"368,97","0,000719171",35%
"361,15","47,5712","70,0084","2,43314",-290871,"368,97","0,000719717",35%
"362,15","47,5444","70,0239","2,39002",-290801,"368,97","0,000720253",35%
"363,15","47,5175","70,0397","2,34797",-290731,"368,97","0,00072078",35%
"364,15","47,4904","70,0558","2,30698",-290661,"368,97","0,000721296",35%
"365,15","47,4632","70,1061","2,267",-290591,"368,97","0,000721802",35%
"366,15","47,4357","70,1238","2,22801",-290521,"368,97","0,000722298",35%
"367,15","47,4082","70,142","2,18997",-290451,"368,97","0,000722785",35%
"368,15","47,3804","70,1605","2,15286",-290381,"368,97","0,000723262",35%
"369,15","47,1452","69,9597","2,28726",-290695,"369,15","0,000725348",35%
"370,15","46,0244","68,7855","3,42182",-292717,"370,15","0,000734252",35%
"371,15","44,9989","67,6602","5,01985",-294655,"371,15","0,000742284",35%
"372,15","44,0575","66,5817","7,22831",-296512,"372,15","0,000749561",35%
"373,15","43,1908","65,5476","10,2257",-298292,"373,15","0,000756184",35%
"374,15","42,3908","64,556","14,2246",-299999,"374,15","0,000762234",35%
"375,15","41,6505","63,6049","19,473",-301635,"375,15","0,000767781",35%
"376,15","40,9638","62,6923","26,2549",-303205,"376,15","0,000772882",35%
"377,15","40,3255","61,8166","34,8893",-304712,"377,15","0,000777587",35%
"378,15","39,7309","60,976","45,7282",-306157,"378,15","0,00078194",35%
"379,15","39,1761","60,169","59,1525",-307544,"379,15","0,000785977",35%
"380,15","38,6574","59,3941","75,5668",-308875,"380,15","0,00078973",35%
"381,15","38,1717","58,6497","95,3931",-310154,"381,15","0,000793227",35%
"382,15","37,7162","57,9346","119,063",-311381,"382,15","0,000796492",35%
"383,15","37,2883","57,2475","147,008",-312560,"383,15","0,000799548",35%